{"cameraMode":{"drawMode":0,"name":"Shaded","section":"Shading Mode"},"sceneLighting":true,"audioPlay":false,"sceneViewState":{"m_AlwaysRefresh":false,"showFog":true,"showSkybox":true,"showFlares":true,"showImageEffects":true,"showParticleSystems":true,"showVisualEffectGraphs":true,"m_FxEnabled":false},"in2DMode":false,"pivot":{"x":0.8023662567138672,"y":-1.1411869525909424,"z":-2.4430150985717775},"rotation":{"x":-0.0028830887749791147,"y":-0.9881035089492798,"z":0.15268434584140778,"w":-0.018671764060854913},"size":6.144137382507324,"orthographic":false}