{"cameraMode":{"drawMode":0,"name":"Shaded","section":"Shading Mode"},"sceneLighting":true,"audioPlay":false,"sceneViewState":{"m_AlwaysRefresh":false,"showFog":true,"showSkybox":true,"showFlares":true,"showImageEffects":true,"showParticleSystems":true,"showVisualEffectGraphs":true,"m_FxEnabled":false},"in2DMode":false,"pivot":{"x":242.74900817871095,"y":178.40542602539063,"z":533.3076782226563},"rotation":{"x":-0.000006142417532828404,"y":-0.9963583946228027,"z":0.0852045789361,"w":0.0001056390319718048},"size":54.808345794677737,"orthographic":false}