{"cameraMode":{"drawMode":0,"name":"Shaded","section":"Shading Mode"},"sceneLighting":true,"audioPlay":false,"sceneViewState":{"m_AlwaysRefresh":false,"showFog":true,"showSkybox":true,"showFlares":true,"showImageEffects":true,"showParticleSystems":true,"showVisualEffectGraphs":true,"m_FxEnabled":false},"in2DMode":false,"pivot":{"x":10.708597183227539,"y":6.0126118659973148,"z":15.589239120483399},"rotation":{"x":0.43595051765441897,"y":-0.5580307245254517,"z":0.4414888024330139,"w":0.5510634183883667},"size":9.377323150634766,"orthographic":false}