{"cameraMode":{"drawMode":0,"name":"Shaded","section":"Shading Mode"},"sceneLighting":true,"audioPlay":false,"sceneViewState":{"m_AlwaysRefresh":false,"showFog":true,"showSkybox":true,"showFlares":true,"showImageEffects":true,"showParticleSystems":true,"showVisualEffectGraphs":true,"m_FxEnabled":false},"in2DMode":false,"pivot":{"x":329.66912841796877,"y":142.15420532226563,"z":593.4173583984375},"rotation":{"x":0.11837007850408554,"y":0.8503057956695557,"z":-0.21648378670215608,"w":0.4648527503013611},"size":120.41397857666016,"orthographic":false}